id,date,time,items,day,month,year,weekDay
0,2016-01-14,0,1,14,1,2016,3
1,2016-01-15,0,2,15,1,2016,4
2,2016-01-16,0,4,16,1,2016,5
3,2016-01-17,0,9,17,1,2016,6
4,2016-01-18,0,1,18,1,2016,0
5,2016-01-19,0,3,19,1,2016,1
6,2016-01-20,0,2,20,1,2016,2
7,2016-01-21,0,2,21,1,2016,3
8,2016-01-22,0,1,22,1,2016,4
9,2016-01-23,0,5,23,1,2016,5
10,2016-01-24,0,8,24,1,2016,6
11,2016-01-25,0,5,25,1,2016,0
12,2016-01-26,0,3,26,1,2016,1
13,2016-01-27,0,2,27,1,2016,2
14,2016-01-28,0,0,28,1,2016,3
15,2016-01-29,0,1,29,1,2016,4
16,2016-01-30,0,4,30,1,2016,5
17,2016-01-31,0,5,31,1,2016,6
18,2016-02-01,0,2,1,2,2016,0
19,2016-02-02,0,1,2,2,2016,1
20,2016-02-03,0,2,3,2,2016,2
21,2016-02-04,0,0,4,2,2016,3
22,2016-02-05,0,1,5,2,2016,4
23,2016-02-06,0,1,6,2,2016,5
24,2016-02-07,0,5,7,2,2016,6
25,2016-02-08,0,7,8,2,2016,0
26,2016-02-09,0,0,9,2,2016,1
27,2016-02-10,0,0,10,2,2016,2
28,2016-02-11,0,2,11,2,2016,3
29,2016-02-12,0,2,12,2,2016,4
30,2016-02-13,0,2,13,2,2016,5
31,2016-02-14,0,4,14,2,2016,6
32,2016-02-15,0,3,15,2,2016,0
33,2016-02-16,0,1,16,2,2016,1
34,2016-02-17,0,2,17,2,2016,2
35,2016-02-18,0,1,18,2,2016,3
36,2016-02-19,0,1,19,2,2016,4
37,2016-02-20,0,2,20,2,2016,5
38,2016-02-21,0,6,21,2,2016,6
39,2016-02-22,0,3,22,2,2016,0
40,2016-02-23,0,1,23,2,2016,1
41,2016-02-24,0,2,24,2,2016,2
42,2016-02-25,0,0,25,2,2016,3
43,2016-02-26,0,1,26,2,2016,4
44,2016-02-27,0,2,27,2,2016,5
45,2016-02-28,0,4,28,2,2016,6
46,2016-02-29,0,0,29,2,2016,0
47,2016-03-01,0,8,1,3,2016,1
48,2016-03-02,0,2,2,3,2016,2
49,2016-03-03,0,0,3,3,2016,3
50,2016-03-04,0,2,4,3,2016,4
51,2016-03-05,0,0,5,3,2016,5
52,2016-03-06,0,7,6,3,2016,6
53,2016-03-07,0,5,7,3,2016,0
54,2016-03-08,0,1,8,3,2016,1
55,2016-03-09,0,1,9,3,2016,2
56,2016-03-10,0,2,10,3,2016,3
57,2016-03-11,0,2,11,3,2016,4
58,2016-03-12,0,5,12,3,2016,5
59,2016-03-13,0,5,13,3,2016,6
60,2016-03-14,0,1,14,3,2016,0
61,2016-03-15,0,2,15,3,2016,1
62,2016-03-16,0,1,16,3,2016,2
63,2016-03-17,0,3,17,3,2016,3
64,2016-03-18,0,0,18,3,2016,4
65,2016-03-19,0,4,19,3,2016,5
66,2016-03-20,0,2,20,3,2016,6
67,2016-03-21,0,2,21,3,2016,0
68,2016-03-22,0,2,22,3,2016,1
69,2016-03-23,0,1,23,3,2016,2
70,2016-03-24,0,2,24,3,2016,3
71,2016-03-25,0,3,25,3,2016,4
72,2016-03-26,0,1,26,3,2016,5
73,2016-03-27,0,3,27,3,2016,6
74,2016-03-28,0,1,28,3,2016,0
75,2016-03-29,0,4,29,3,2016,1
76,2016-03-30,0,2,30,3,2016,2
77,2016-03-31,0,0,31,3,2016,3
78,2016-04-01,0,3,1,4,2016,4
79,2016-04-02,0,8,2,4,2016,5
80,2016-04-03,0,4,3,4,2016,6
81,2016-04-04,0,1,4,4,2016,0
82,2016-04-05,0,0,5,4,2016,1
83,2016-04-06,0,0,6,4,2016,2
84,2016-04-07,0,2,7,4,2016,3
85,2016-04-08,0,3,8,4,2016,4
86,2016-04-09,0,3,9,4,2016,5
87,2016-04-10,0,6,10,4,2016,6
88,2016-04-11,0,1,11,4,2016,0
89,2016-04-12,0,2,12,4,2016,1
90,2016-04-13,0,0,13,4,2016,2
91,2016-04-14,0,2,14,4,2016,3
92,2016-01-14,7,8,14,1,2016,3
93,2016-01-15,7,10,15,1,2016,4
94,2016-01-16,7,7,16,1,2016,5
95,2016-01-17,7,0,17,1,2016,6
96,2016-01-18,7,9,18,1,2016,0
97,2016-01-19,7,14,19,1,2016,1
98,2016-01-20,7,10,20,1,2016,2
99,2016-01-21,7,6,21,1,2016,3
100,2016-01-22,7,8,22,1,2016,4
101,2016-01-23,7,8,23,1,2016,5
102,2016-01-24,7,0,24,1,2016,6
103,2016-01-25,7,9,25,1,2016,0
104,2016-01-26,7,10,26,1,2016,1
105,2016-01-27,7,9,27,1,2016,2
106,2016-01-28,7,8,28,1,2016,3
107,2016-01-29,7,9,29,1,2016,4
108,2016-01-30,7,7,30,1,2016,5
109,2016-01-31,7,0,31,1,2016,6
110,2016-02-01,7,11,1,2,2016,0
111,2016-02-02,7,9,2,2,2016,1
112,2016-02-03,7,7,3,2,2016,2
113,2016-02-04,7,12,4,2,2016,3
114,2016-02-05,7,16,5,2,2016,4
115,2016-02-06,7,11,6,2,2016,5
116,2016-02-07,7,0,7,2,2016,6
117,2016-02-08,7,9,8,2,2016,0
118,2016-02-09,7,7,9,2,2016,1
119,2016-02-10,7,5,10,2,2016,2
120,2016-02-11,7,8,11,2,2016,3
121,2016-02-12,7,13,12,2,2016,4
122,2016-02-13,7,7,13,2,2016,5
123,2016-02-14,7,0,14,2,2016,6
124,2016-02-15,7,8,15,2,2016,0
125,2016-02-16,7,6,16,2,2016,1
126,2016-02-17,7,8,17,2,2016,2
127,2016-02-18,7,12,18,2,2016,3
128,2016-02-19,7,7,19,2,2016,4
129,2016-02-20,7,8,20,2,2016,5
130,2016-02-21,7,0,21,2,2016,6
131,2016-02-22,7,8,22,2,2016,0
132,2016-02-23,7,10,23,2,2016,1
133,2016-02-24,7,14,24,2,2016,2
134,2016-02-25,7,7,25,2,2016,3
135,2016-02-26,7,6,26,2,2016,4
136,2016-02-27,7,15,27,2,2016,5
137,2016-02-28,7,0,28,2,2016,6
138,2016-02-29,7,5,29,2,2016,0
139,2016-03-01,7,15,1,3,2016,1
140,2016-03-02,7,9,2,3,2016,2
141,2016-03-03,7,14,3,3,2016,3
142,2016-03-04,7,11,4,3,2016,4
143,2016-03-05,7,10,5,3,2016,5
144,2016-03-06,7,0,6,3,2016,6
145,2016-03-07,7,7,7,3,2016,0
146,2016-03-08,7,13,8,3,2016,1
147,2016-03-09,7,12,9,3,2016,2
148,2016-03-10,7,9,10,3,2016,3
149,2016-03-11,7,5,11,3,2016,4
150,2016-03-12,7,14,12,3,2016,5
151,2016-03-13,7,0,13,3,2016,6
152,2016-03-14,7,14,14,3,2016,0
153,2016-03-15,7,10,15,3,2016,1
154,2016-03-16,7,11,16,3,2016,2
155,2016-03-17,7,8,17,3,2016,3
156,2016-03-18,7,5,18,3,2016,4
157,2016-03-19,7,10,19,3,2016,5
158,2016-03-20,7,0,20,3,2016,6
159,2016-03-21,7,4,21,3,2016,0
160,2016-03-22,7,4,22,3,2016,1
161,2016-03-23,7,5,23,3,2016,2
162,2016-03-24,7,0,24,3,2016,3
163,2016-03-25,7,0,25,3,2016,4
164,2016-03-26,7,4,26,3,2016,5
165,2016-03-27,7,0,27,3,2016,6
166,2016-03-28,7,6,28,3,2016,0
167,2016-03-29,7,10,29,3,2016,1
168,2016-03-30,7,6,30,3,2016,2
169,2016-03-31,7,7,31,3,2016,3
170,2016-04-01,7,8,1,4,2016,4
171,2016-04-02,7,14,2,4,2016,5
172,2016-04-03,7,0,3,4,2016,6
173,2016-04-04,7,4,4,4,2016,0
174,2016-04-05,7,10,5,4,2016,1
175,2016-04-06,7,15,6,4,2016,2
176,2016-04-07,7,11,7,4,2016,3
177,2016-04-08,7,10,8,4,2016,4
178,2016-04-09,7,14,9,4,2016,5
179,2016-04-10,7,0,10,4,2016,6
180,2016-04-11,7,7,11,4,2016,0
181,2016-04-12,7,5,12,4,2016,1
182,2016-04-13,7,6,13,4,2016,2
183,2016-04-14,7,12,14,4,2016,3
184,2016-01-14,8,26,14,1,2016,3
185,2016-01-15,8,50,15,1,2016,4
186,2016-01-16,8,38,16,1,2016,5
187,2016-01-17,8,10,17,1,2016,6
188,2016-01-18,8,27,18,1,2016,0
189,2016-01-19,8,36,19,1,2016,1
190,2016-01-20,8,28,20,1,2016,2
191,2016-01-21,8,35,21,1,2016,3
192,2016-01-22,8,34,22,1,2016,4
193,2016-01-23,8,31,23,1,2016,5
194,2016-01-24,8,12,24,1,2016,6
195,2016-01-25,8,42,25,1,2016,0
196,2016-01-26,8,33,26,1,2016,1
197,2016-01-27,8,33,27,1,2016,2
198,2016-01-28,8,32,28,1,2016,3
199,2016-01-29,8,29,29,1,2016,4
200,2016-01-30,8,35,30,1,2016,5
201,2016-01-31,8,22,31,1,2016,6
202,2016-02-01,8,21,1,2,2016,0
203,2016-02-02,8,23,2,2,2016,1
204,2016-02-03,8,32,3,2,2016,2
205,2016-02-04,8,33,4,2,2016,3
206,2016-02-05,8,28,5,2,2016,4
207,2016-02-06,8,29,6,2,2016,5
208,2016-02-07,8,22,7,2,2016,6
209,2016-02-08,8,15,8,2,2016,0
210,2016-02-09,8,26,9,2,2016,1
211,2016-02-10,8,30,10,2,2016,2
212,2016-02-11,8,30,11,2,2016,3
213,2016-02-12,8,32,12,2,2016,4
214,2016-02-13,8,28,13,2,2016,5
215,2016-02-14,8,18,14,2,2016,6
216,2016-02-15,8,24,15,2,2016,0
217,2016-02-16,8,33,16,2,2016,1
218,2016-02-17,8,22,17,2,2016,2
219,2016-02-18,8,40,18,2,2016,3
220,2016-02-19,8,28,19,2,2016,4
221,2016-02-20,8,31,20,2,2016,5
222,2016-02-21,8,20,21,2,2016,6
223,2016-02-22,8,29,22,2,2016,0
224,2016-02-23,8,31,23,2,2016,1
225,2016-02-24,8,31,24,2,2016,2
226,2016-02-25,8,31,25,2,2016,3
227,2016-02-26,8,40,26,2,2016,4
228,2016-02-27,8,34,27,2,2016,5
229,2016-02-28,8,16,28,2,2016,6
230,2016-02-29,8,32,29,2,2016,0
231,2016-03-01,8,30,1,3,2016,1
232,2016-03-02,8,28,2,3,2016,2
233,2016-03-03,8,23,3,3,2016,3
234,2016-03-04,8,37,4,3,2016,4
235,2016-03-05,8,41,5,3,2016,5
236,2016-03-06,8,17,6,3,2016,6
237,2016-03-07,8,26,7,3,2016,0
238,2016-03-08,8,24,8,3,2016,1
239,2016-03-09,8,31,9,3,2016,2
240,2016-03-10,8,27,10,3,2016,3
241,2016-03-11,8,41,11,3,2016,4
242,2016-03-12,8,39,12,3,2016,5
243,2016-03-13,8,23,13,3,2016,6
244,2016-03-14,8,26,14,3,2016,0
245,2016-03-15,8,30,15,3,2016,1
246,2016-03-16,8,25,16,3,2016,2
247,2016-03-17,8,34,17,3,2016,3
248,2016-03-18,8,24,18,3,2016,4
249,2016-03-19,8,27,19,3,2016,5
250,2016-03-20,8,14,20,3,2016,6
251,2016-03-21,8,21,21,3,2016,0
252,2016-03-22,8,18,22,3,2016,1
253,2016-03-23,8,22,23,3,2016,2
254,2016-03-24,8,12,24,3,2016,3
255,2016-03-25,8,15,25,3,2016,4
256,2016-03-26,8,26,26,3,2016,5
257,2016-03-27,8,17,27,3,2016,6
258,2016-03-28,8,18,28,3,2016,0
259,2016-03-29,8,24,29,3,2016,1
260,2016-03-30,8,26,30,3,2016,2
261,2016-03-31,8,24,31,3,2016,3
262,2016-04-01,8,33,1,4,2016,4
263,2016-04-02,8,34,2,4,2016,5
264,2016-04-03,8,21,3,4,2016,6
265,2016-04-04,8,28,4,4,2016,0
266,2016-04-05,8,22,5,4,2016,1
267,2016-04-06,8,25,6,4,2016,2
268,2016-04-07,8,36,7,4,2016,3
269,2016-04-08,8,31,8,4,2016,4
270,2016-04-09,8,34,9,4,2016,5
271,2016-04-10,8,9,10,4,2016,6
272,2016-04-11,8,29,11,4,2016,0
273,2016-04-12,8,31,12,4,2016,1
274,2016-04-13,8,40,13,4,2016,2
275,2016-04-14,8,24,14,4,2016,3
276,2016-01-14,9,67,14,1,2016,3
277,2016-01-15,9,49,15,1,2016,4
278,2016-01-16,9,81,16,1,2016,5
279,2016-01-17,9,39,17,1,2016,6
280,2016-01-18,9,59,18,1,2016,0
281,2016-01-19,9,69,19,1,2016,1
282,2016-01-20,9,52,20,1,2016,2
283,2016-01-21,9,61,21,1,2016,3
284,2016-01-22,9,59,22,1,2016,4
285,2016-01-23,9,69,23,1,2016,5
286,2016-01-24,9,61,24,1,2016,6
287,2016-01-25,9,59,25,1,2016,0
288,2016-01-26,9,58,26,1,2016,1
289,2016-01-27,9,76,27,1,2016,2
290,2016-01-28,9,66,28,1,2016,3
291,2016-01-29,9,66,29,1,2016,4
292,2016-01-30,9,75,30,1,2016,5
293,2016-01-31,9,48,31,1,2016,6
294,2016-02-01,9,55,1,2,2016,0
295,2016-02-02,9,67,2,2,2016,1
296,2016-02-03,9,50,3,2,2016,2
297,2016-02-04,9,57,4,2,2016,3
298,2016-02-05,9,71,5,2,2016,4
299,2016-02-06,9,76,6,2,2016,5
300,2016-02-07,9,54,7,2,2016,6
301,2016-02-08,9,47,8,2,2016,0
302,2016-02-09,9,71,9,2,2016,1
303,2016-02-10,9,53,10,2,2016,2
304,2016-02-11,9,58,11,2,2016,3
305,2016-02-12,9,77,12,2,2016,4
306,2016-02-13,9,79,13,2,2016,5
307,2016-02-14,9,56,14,2,2016,6
308,2016-02-15,9,58,15,2,2016,0
309,2016-02-16,9,54,16,2,2016,1
310,2016-02-17,9,63,17,2,2016,2
311,2016-02-18,9,53,18,2,2016,3
312,2016-02-19,9,66,19,2,2016,4
313,2016-02-20,9,86,20,2,2016,5
314,2016-02-21,9,60,21,2,2016,6
315,2016-02-22,9,47,22,2,2016,0
316,2016-02-23,9,63,23,2,2016,1
317,2016-02-24,9,48,24,2,2016,2
318,2016-02-25,9,60,25,2,2016,3
319,2016-02-26,9,63,26,2,2016,4
320,2016-02-27,9,91,27,2,2016,5
321,2016-02-28,9,59,28,2,2016,6
322,2016-02-29,9,56,29,2,2016,0
323,2016-03-01,9,79,1,3,2016,1
324,2016-03-02,9,39,2,3,2016,2
325,2016-03-03,9,66,3,3,2016,3
326,2016-03-04,9,63,4,3,2016,4
327,2016-03-05,9,87,5,3,2016,5
328,2016-03-06,9,67,6,3,2016,6
329,2016-03-07,9,62,7,3,2016,0
330,2016-03-08,9,52,8,3,2016,1
331,2016-03-09,9,63,9,3,2016,2
332,2016-03-10,9,57,10,3,2016,3
333,2016-03-11,9,71,11,3,2016,4
334,2016-03-12,9,87,12,3,2016,5
335,2016-03-13,9,55,13,3,2016,6
336,2016-03-14,9,65,14,3,2016,0
337,2016-03-15,9,56,15,3,2016,1
338,2016-03-16,9,49,16,3,2016,2
339,2016-03-17,9,80,17,3,2016,3
340,2016-03-18,9,61,18,3,2016,4
341,2016-03-19,9,76,19,3,2016,5
342,2016-03-20,9,63,20,3,2016,6
343,2016-03-21,9,55,21,3,2016,0
344,2016-03-22,9,46,22,3,2016,1
345,2016-03-23,9,57,23,3,2016,2
346,2016-03-24,9,40,24,3,2016,3
347,2016-03-25,9,43,25,3,2016,4
348,2016-03-26,9,60,26,3,2016,5
349,2016-03-27,9,32,27,3,2016,6
350,2016-03-28,9,41,28,3,2016,0
351,2016-03-29,9,43,29,3,2016,1
352,2016-03-30,9,51,30,3,2016,2
353,2016-03-31,9,61,31,3,2016,3
354,2016-04-01,9,71,1,4,2016,4
355,2016-04-02,9,74,2,4,2016,5
356,2016-04-03,9,59,3,4,2016,6
357,2016-04-04,9,43,4,4,2016,0
358,2016-04-05,9,62,5,4,2016,1
359,2016-04-06,9,53,6,4,2016,2
360,2016-04-07,9,67,7,4,2016,3
361,2016-04-08,9,69,8,4,2016,4
362,2016-04-09,9,70,9,4,2016,5
363,2016-04-10,9,70,10,4,2016,6
364,2016-04-11,9,63,11,4,2016,0
365,2016-04-12,9,55,12,4,2016,1
366,2016-04-13,9,57,13,4,2016,2
367,2016-04-14,9,61,14,4,2016,3
368,2016-01-14,10,87,14,1,2016,3
369,2016-01-15,10,107,15,1,2016,4
370,2016-01-16,10,149,16,1,2016,5
371,2016-01-17,10,114,17,1,2016,6
372,2016-01-18,10,98,18,1,2016,0
373,2016-01-19,10,95,19,1,2016,1
374,2016-01-20,10,90,20,1,2016,2
375,2016-01-21,10,111,21,1,2016,3
376,2016-01-22,10,117,22,1,2016,4
377,2016-01-23,10,134,23,1,2016,5
378,2016-01-24,10,89,24,1,2016,6
379,2016-01-25,10,82,25,1,2016,0
380,2016-01-26,10,86,26,1,2016,1
381,2016-01-27,10,81,27,1,2016,2
382,2016-01-28,10,97,28,1,2016,3
383,2016-01-29,10,108,29,1,2016,4
384,2016-01-30,10,126,30,1,2016,5
385,2016-01-31,10,109,31,1,2016,6
386,2016-02-01,10,97,1,2,2016,0
387,2016-02-02,10,93,2,2,2016,1
388,2016-02-03,10,91,3,2,2016,2
389,2016-02-04,10,78,4,2,2016,3
390,2016-02-05,10,113,5,2,2016,4
391,2016-02-06,10,116,6,2,2016,5
392,2016-02-07,10,124,7,2,2016,6
393,2016-02-08,10,75,8,2,2016,0
394,2016-02-09,10,96,9,2,2016,1
395,2016-02-10,10,79,10,2,2016,2
396,2016-02-11,10,94,11,2,2016,3
397,2016-02-12,10,89,12,2,2016,4
398,2016-02-13,10,132,13,2,2016,5
399,2016-02-14,10,122,14,2,2016,6
400,2016-02-15,10,85,15,2,2016,0
401,2016-02-16,10,86,16,2,2016,1
402,2016-02-17,10,84,17,2,2016,2
403,2016-02-18,10,92,18,2,2016,3
404,2016-02-19,10,95,19,2,2016,4
405,2016-02-20,10,144,20,2,2016,5
406,2016-02-21,10,109,21,2,2016,6
407,2016-02-22,10,70,22,2,2016,0
408,2016-02-23,10,78,23,2,2016,1
409,2016-02-24,10,105,24,2,2016,2
410,2016-02-25,10,100,25,2,2016,3
411,2016-02-26,10,101,26,2,2016,4
412,2016-02-27,10,136,27,2,2016,5
413,2016-02-28,10,110,28,2,2016,6
414,2016-02-29,10,84,29,2,2016,0
415,2016-03-01,10,86,1,3,2016,1
416,2016-03-02,10,81,2,3,2016,2
417,2016-03-03,10,102,3,3,2016,3
418,2016-03-04,10,108,4,3,2016,4
419,2016-03-05,10,132,5,3,2016,5
420,2016-03-06,10,119,6,3,2016,6
421,2016-03-07,10,92,7,3,2016,0
422,2016-03-08,10,91,8,3,2016,1
423,2016-03-09,10,105,9,3,2016,2
424,2016-03-10,10,100,10,3,2016,3
425,2016-03-11,10,117,11,3,2016,4
426,2016-03-12,10,135,12,3,2016,5
427,2016-03-13,10,104,13,3,2016,6
428,2016-03-14,10,99,14,3,2016,0
429,2016-03-15,10,100,15,3,2016,1
430,2016-03-16,10,102,16,3,2016,2
431,2016-03-17,10,91,17,3,2016,3
432,2016-03-18,10,121,18,3,2016,4
433,2016-03-19,10,139,19,3,2016,5
434,2016-03-20,10,91,20,3,2016,6
435,2016-03-21,10,78,21,3,2016,0
436,2016-03-22,10,87,22,3,2016,1
437,2016-03-23,10,94,23,3,2016,2
438,2016-03-24,10,69,24,3,2016,3
439,2016-03-25,10,86,25,3,2016,4
440,2016-03-26,10,112,26,3,2016,5
441,2016-03-27,10,64,27,3,2016,6
442,2016-03-28,10,68,28,3,2016,0
443,2016-03-29,10,88,29,3,2016,1
444,2016-03-30,10,69,30,3,2016,2
445,2016-03-31,10,99,31,3,2016,3
446,2016-04-01,10,115,1,4,2016,4
447,2016-04-02,10,135,2,4,2016,5
448,2016-04-03,10,95,3,4,2016,6
449,2016-04-04,10,88,4,4,2016,0
450,2016-04-05,10,100,5,4,2016,1
451,2016-04-06,10,61,6,4,2016,2
452,2016-04-07,10,89,7,4,2016,3
453,2016-04-08,10,116,8,4,2016,4
454,2016-04-09,10,141,9,4,2016,5
455,2016-04-10,10,94,10,4,2016,6
456,2016-04-11,10,79,11,4,2016,0
457,2016-04-12,10,81,12,4,2016,1
458,2016-04-13,10,95,13,4,2016,2
459,2016-04-14,10,92,14,4,2016,3
460,2016-01-14,11,120,14,1,2016,3
461,2016-01-15,11,148,15,1,2016,4
462,2016-01-16,11,188,16,1,2016,5
463,2016-01-17,11,161,17,1,2016,6
464,2016-01-18,11,118,18,1,2016,0
465,2016-01-19,11,127,19,1,2016,1
466,2016-01-20,11,124,20,1,2016,2
467,2016-01-21,11,125,21,1,2016,3
468,2016-01-22,11,143,22,1,2016,4
469,2016-01-23,11,171,23,1,2016,5
470,2016-01-24,11,148,24,1,2016,6
471,2016-01-25,11,112,25,1,2016,0
472,2016-01-26,11,105,26,1,2016,1
473,2016-01-27,11,120,27,1,2016,2
474,2016-01-28,11,128,28,1,2016,3
475,2016-01-29,11,141,29,1,2016,4
476,2016-01-30,11,209,30,1,2016,5
477,2016-01-31,11,153,31,1,2016,6
478,2016-02-01,11,126,1,2,2016,0
479,2016-02-02,11,131,2,2,2016,1
480,2016-02-03,11,124,3,2,2016,2
481,2016-02-04,11,136,4,2,2016,3
482,2016-02-05,11,153,5,2,2016,4
483,2016-02-06,11,163,6,2,2016,5
484,2016-02-07,11,152,7,2,2016,6
485,2016-02-08,11,129,8,2,2016,0
486,2016-02-09,11,116,9,2,2016,1
487,2016-02-10,11,132,10,2,2016,2
488,2016-02-11,11,106,11,2,2016,3
489,2016-02-12,11,138,12,2,2016,4
490,2016-02-13,11,202,13,2,2016,5
491,2016-02-14,11,174,14,2,2016,6
492,2016-02-15,11,111,15,2,2016,0
493,2016-02-16,11,125,16,2,2016,1
494,2016-02-17,11,119,17,2,2016,2
495,2016-02-18,11,122,18,2,2016,3
496,2016-02-19,11,137,19,2,2016,4
497,2016-02-20,11,207,20,2,2016,5
498,2016-02-21,11,144,21,2,2016,6
499,2016-02-22,11,126,22,2,2016,0
500,2016-02-23,11,122,23,2,2016,1
501,2016-02-24,11,129,24,2,2016,2
502,2016-02-25,11,129,25,2,2016,3
503,2016-02-26,11,152,26,2,2016,4
504,2016-02-27,11,212,27,2,2016,5
505,2016-02-28,11,162,28,2,2016,6
506,2016-02-29,11,137,29,2,2016,0
507,2016-03-01,11,128,1,3,2016,1
508,2016-03-02,11,117,2,3,2016,2
509,2016-03-03,11,135,3,3,2016,3
510,2016-03-04,11,137,4,3,2016,4
511,2016-03-05,11,202,5,3,2016,5
512,2016-03-06,11,170,6,3,2016,6
513,2016-03-07,11,125,7,3,2016,0
514,2016-03-08,11,137,8,3,2016,1
515,2016-03-09,11,133,9,3,2016,2
516,2016-03-10,11,137,10,3,2016,3
517,2016-03-11,11,143,11,3,2016,4
518,2016-03-12,11,194,12,3,2016,5
519,2016-03-13,11,176,13,3,2016,6
520,2016-03-14,11,126,14,3,2016,0
521,2016-03-15,11,124,15,3,2016,1
522,2016-03-16,11,119,16,3,2016,2
523,2016-03-17,11,115,17,3,2016,3
524,2016-03-18,11,152,18,3,2016,4
525,2016-03-19,11,189,19,3,2016,5
526,2016-03-20,11,132,20,3,2016,6
527,2016-03-21,11,114,21,3,2016,0
528,2016-03-22,11,122,22,3,2016,1
529,2016-03-23,11,111,23,3,2016,2
530,2016-03-24,11,115,24,3,2016,3
531,2016-03-25,11,101,25,3,2016,4
532,2016-03-26,11,144,26,3,2016,5
533,2016-03-27,11,104,27,3,2016,6
534,2016-03-28,11,131,28,3,2016,0
535,2016-03-29,11,127,29,3,2016,1
536,2016-03-30,11,112,30,3,2016,2
537,2016-03-31,11,138,31,3,2016,3
538,2016-04-01,11,145,1,4,2016,4
539,2016-04-02,11,201,2,4,2016,5
540,2016-04-03,11,170,3,4,2016,6
541,2016-04-04,11,109,4,4,2016,0
542,2016-04-05,11,116,5,4,2016,1
543,2016-04-06,11,131,6,4,2016,2
544,2016-04-07,11,102,7,4,2016,3
545,2016-04-08,11,135,8,4,2016,4
546,2016-04-09,11,202,9,4,2016,5
547,2016-04-10,11,184,10,4,2016,6
548,2016-04-11,11,123,11,4,2016,0
549,2016-04-12,11,121,12,4,2016,1
550,2016-04-13,11,148,13,4,2016,2
551,2016-04-14,11,119,14,4,2016,3
552,2016-01-14,12,157,14,1,2016,3
553,2016-01-15,12,159,15,1,2016,4
554,2016-01-16,12,227,16,1,2016,5
555,2016-01-17,12,196,17,1,2016,6
556,2016-01-18,12,138,18,1,2016,0
557,2016-01-19,12,146,19,1,2016,1
558,2016-01-20,12,151,20,1,2016,2
559,2016-01-21,12,140,21,1,2016,3
560,2016-01-22,12,198,22,1,2016,4
561,2016-01-23,12,206,23,1,2016,5
562,2016-01-24,12,182,24,1,2016,6
563,2016-01-25,12,151,25,1,2016,0
564,2016-01-26,12,142,26,1,2016,1
565,2016-01-27,12,176,27,1,2016,2
566,2016-01-28,12,146,28,1,2016,3
567,2016-01-29,12,193,29,1,2016,4
568,2016-01-30,12,231,30,1,2016,5
569,2016-01-31,12,204,31,1,2016,6
570,2016-02-01,12,162,1,2,2016,0
571,2016-02-02,12,153,2,2,2016,1
572,2016-02-03,12,151,3,2,2016,2
573,2016-02-04,12,170,4,2,2016,3
574,2016-02-05,12,185,5,2,2016,4
575,2016-02-06,12,196,6,2,2016,5
576,2016-02-07,12,218,7,2,2016,6
577,2016-02-08,12,162,8,2,2016,0
578,2016-02-09,12,128,9,2,2016,1
579,2016-02-10,12,157,10,2,2016,2
580,2016-02-11,12,157,11,2,2016,3
581,2016-02-12,12,206,12,2,2016,4
582,2016-02-13,12,257,13,2,2016,5
583,2016-02-14,12,248,14,2,2016,6
584,2016-02-15,12,153,15,2,2016,0
585,2016-02-16,12,141,16,2,2016,1
586,2016-02-17,12,144,17,2,2016,2
587,2016-02-18,12,154,18,2,2016,3
588,2016-02-19,12,141,19,2,2016,4
589,2016-02-20,12,227,20,2,2016,5
590,2016-02-21,12,187,21,2,2016,6
591,2016-02-22,12,137,22,2,2016,0
592,2016-02-23,12,133,23,2,2016,1
593,2016-02-24,12,114,24,2,2016,2
594,2016-02-25,12,147,25,2,2016,3
595,2016-02-26,12,142,26,2,2016,4
596,2016-02-27,12,266,27,2,2016,5
597,2016-02-28,12,197,28,2,2016,6
598,2016-02-29,12,144,29,2,2016,0
599,2016-03-01,12,153,1,3,2016,1
600,2016-03-02,12,139,2,3,2016,2
601,2016-03-03,12,158,3,3,2016,3
602,2016-03-04,12,185,4,3,2016,4
603,2016-03-05,12,235,5,3,2016,5
604,2016-03-06,12,206,6,3,2016,6
605,2016-03-07,12,160,7,3,2016,0
606,2016-03-08,12,128,8,3,2016,1
607,2016-03-09,12,164,9,3,2016,2
608,2016-03-10,12,168,10,3,2016,3
609,2016-03-11,12,181,11,3,2016,4
610,2016-03-12,12,241,12,3,2016,5
611,2016-03-13,12,201,13,3,2016,6
612,2016-03-14,12,157,14,3,2016,0
613,2016-03-15,12,147,15,3,2016,1
614,2016-03-16,12,144,16,3,2016,2
615,2016-03-17,12,149,17,3,2016,3
616,2016-03-18,12,168,18,3,2016,4
617,2016-03-19,12,251,19,3,2016,5
618,2016-03-20,12,175,20,3,2016,6
619,2016-03-21,12,150,21,3,2016,0
620,2016-03-22,12,138,22,3,2016,1
621,2016-03-23,12,168,23,3,2016,2
622,2016-03-24,12,127,24,3,2016,3
623,2016-03-25,12,126,25,3,2016,4
624,2016-03-26,12,165,26,3,2016,5
625,2016-03-27,12,147,27,3,2016,6
626,2016-03-28,12,162,28,3,2016,0
627,2016-03-29,12,150,29,3,2016,1
628,2016-03-30,12,138,30,3,2016,2
629,2016-03-31,12,150,31,3,2016,3
630,2016-04-01,12,150,1,4,2016,4
631,2016-04-02,12,208,2,4,2016,5
632,2016-04-03,12,217,3,4,2016,6
633,2016-04-04,12,119,4,4,2016,0
634,2016-04-05,12,146,5,4,2016,1
635,2016-04-06,12,132,6,4,2016,2
636,2016-04-07,12,123,7,4,2016,3
637,2016-04-08,12,154,8,4,2016,4
638,2016-04-09,12,256,9,4,2016,5
639,2016-04-10,12,249,10,4,2016,6
640,2016-04-11,12,132,11,4,2016,0
641,2016-04-12,12,145,12,4,2016,1
642,2016-04-13,12,139,13,4,2016,2
643,2016-04-14,12,155,14,4,2016,3
644,2016-01-14,13,147,14,1,2016,3
645,2016-01-15,13,175,15,1,2016,4
646,2016-01-16,13,251,16,1,2016,5
647,2016-01-17,13,236,17,1,2016,6
648,2016-01-18,13,173,18,1,2016,0
649,2016-01-19,13,168,19,1,2016,1
650,2016-01-20,13,150,20,1,2016,2
651,2016-01-21,13,168,21,1,2016,3
652,2016-01-22,13,192,22,1,2016,4
653,2016-01-23,13,225,23,1,2016,5
654,2016-01-24,13,202,24,1,2016,6
655,2016-01-25,13,159,25,1,2016,0
656,2016-01-26,13,152,26,1,2016,1
657,2016-01-27,13,135,27,1,2016,2
658,2016-01-28,13,179,28,1,2016,3
659,2016-01-29,13,192,29,1,2016,4
660,2016-01-30,13,227,30,1,2016,5
661,2016-01-31,13,220,31,1,2016,6
662,2016-02-01,13,149,1,2,2016,0
663,2016-02-02,13,140,2,2,2016,1
664,2016-02-03,13,152,3,2,2016,2
665,2016-02-04,13,162,4,2,2016,3
666,2016-02-05,13,170,5,2,2016,4
667,2016-02-06,13,215,6,2,2016,5
668,2016-02-07,13,206,7,2,2016,6
669,2016-02-08,13,155,8,2,2016,0
670,2016-02-09,13,145,9,2,2016,1
671,2016-02-10,13,132,10,2,2016,2
672,2016-02-11,13,155,11,2,2016,3
673,2016-02-12,13,171,12,2,2016,4
674,2016-02-13,13,236,13,2,2016,5
675,2016-02-14,13,215,14,2,2016,6
676,2016-02-15,13,174,15,2,2016,0
677,2016-02-16,13,160,16,2,2016,1
678,2016-02-17,13,156,17,2,2016,2
679,2016-02-18,13,164,18,2,2016,3
680,2016-02-19,13,204,19,2,2016,4
681,2016-02-20,13,212,20,2,2016,5
682,2016-02-21,13,200,21,2,2016,6
683,2016-02-22,13,117,22,2,2016,0
684,2016-02-23,13,145,23,2,2016,1
685,2016-02-24,13,151,24,2,2016,2
686,2016-02-25,13,144,25,2,2016,3
687,2016-02-26,13,192,26,2,2016,4
688,2016-02-27,13,254,27,2,2016,5
689,2016-02-28,13,207,28,2,2016,6
690,2016-02-29,13,175,29,2,2016,0
691,2016-03-01,13,157,1,3,2016,1
692,2016-03-02,13,123,2,3,2016,2
693,2016-03-03,13,144,3,3,2016,3
694,2016-03-04,13,194,4,3,2016,4
695,2016-03-05,13,256,5,3,2016,5
696,2016-03-06,13,226,6,3,2016,6
697,2016-03-07,13,134,7,3,2016,0
698,2016-03-08,13,159,8,3,2016,1
699,2016-03-09,13,157,9,3,2016,2
700,2016-03-10,13,188,10,3,2016,3
701,2016-03-11,13,188,11,3,2016,4
702,2016-03-12,13,212,12,3,2016,5
703,2016-03-13,13,189,13,3,2016,6
704,2016-03-14,13,148,14,3,2016,0
705,2016-03-15,13,141,15,3,2016,1
706,2016-03-16,13,156,16,3,2016,2
707,2016-03-17,13,183,17,3,2016,3
708,2016-03-18,13,193,18,3,2016,4
709,2016-03-19,13,242,19,3,2016,5
710,2016-03-20,13,184,20,3,2016,6
711,2016-03-21,13,172,21,3,2016,0
712,2016-03-22,13,139,22,3,2016,1
713,2016-03-23,13,151,23,3,2016,2
714,2016-03-24,13,162,24,3,2016,3
715,2016-03-25,13,143,25,3,2016,4
716,2016-03-26,13,205,26,3,2016,5
717,2016-03-27,13,146,27,3,2016,6
718,2016-03-28,13,179,28,3,2016,0
719,2016-03-29,13,141,29,3,2016,1
720,2016-03-30,13,137,30,3,2016,2
721,2016-03-31,13,159,31,3,2016,3
722,2016-04-01,13,170,1,4,2016,4
723,2016-04-02,13,227,2,4,2016,5
724,2016-04-03,13,252,3,4,2016,6
725,2016-04-04,13,126,4,4,2016,0
726,2016-04-05,13,151,5,4,2016,1
727,2016-04-06,13,161,6,4,2016,2
728,2016-04-07,13,146,7,4,2016,3
729,2016-04-08,13,176,8,4,2016,4
730,2016-04-09,13,227,9,4,2016,5
731,2016-04-10,13,218,10,4,2016,6
732,2016-04-11,13,134,11,4,2016,0
733,2016-04-12,13,141,12,4,2016,1
734,2016-04-13,13,141,13,4,2016,2
735,2016-04-14,13,128,14,4,2016,3
736,2016-01-14,14,152,14,1,2016,3
737,2016-01-15,14,192,15,1,2016,4
738,2016-01-16,14,254,16,1,2016,5
739,2016-01-17,14,226,17,1,2016,6
740,2016-01-18,14,157,18,1,2016,0
741,2016-01-19,14,147,19,1,2016,1
742,2016-01-20,14,133,20,1,2016,2
743,2016-01-21,14,146,21,1,2016,3
744,2016-01-22,14,187,22,1,2016,4
745,2016-01-23,14,190,23,1,2016,5
746,2016-01-24,14,159,24,1,2016,6
747,2016-01-25,14,140,25,1,2016,0
748,2016-01-26,14,122,26,1,2016,1
749,2016-01-27,14,120,27,1,2016,2
750,2016-01-28,14,163,28,1,2016,3
751,2016-01-29,14,153,29,1,2016,4
752,2016-01-30,14,217,30,1,2016,5
753,2016-01-31,14,202,31,1,2016,6
754,2016-02-01,14,139,1,2,2016,0
755,2016-02-02,14,150,2,2,2016,1
756,2016-02-03,14,143,3,2,2016,2
757,2016-02-04,14,150,4,2,2016,3
758,2016-02-05,14,154,5,2,2016,4
759,2016-02-06,14,228,6,2,2016,5
760,2016-02-07,14,183,7,2,2016,6
761,2016-02-08,14,154,8,2,2016,0
762,2016-02-09,14,127,9,2,2016,1
763,2016-02-10,14,154,10,2,2016,2
764,2016-02-11,14,158,11,2,2016,3
765,2016-02-12,14,153,12,2,2016,4
766,2016-02-13,14,231,13,2,2016,5
767,2016-02-14,14,223,14,2,2016,6
768,2016-02-15,14,110,15,2,2016,0
769,2016-02-16,14,133,16,2,2016,1
770,2016-02-17,14,117,17,2,2016,2
771,2016-02-18,14,136,18,2,2016,3
772,2016-02-19,14,144,19,2,2016,4
773,2016-02-20,14,224,20,2,2016,5
774,2016-02-21,14,193,21,2,2016,6
775,2016-02-22,14,162,22,2,2016,0
776,2016-02-23,14,128,23,2,2016,1
777,2016-02-24,14,119,24,2,2016,2
778,2016-02-25,14,164,25,2,2016,3
779,2016-02-26,14,167,26,2,2016,4
780,2016-02-27,14,240,27,2,2016,5
781,2016-02-28,14,214,28,2,2016,6
782,2016-02-29,14,167,29,2,2016,0
783,2016-03-01,14,143,1,3,2016,1
784,2016-03-02,14,125,2,3,2016,2
785,2016-03-03,14,146,3,3,2016,3
786,2016-03-04,14,170,4,3,2016,4
787,2016-03-05,14,188,5,3,2016,5
788,2016-03-06,14,196,6,3,2016,6
789,2016-03-07,14,170,7,3,2016,0
790,2016-03-08,14,120,8,3,2016,1
791,2016-03-09,14,149,9,3,2016,2
792,2016-03-10,14,153,10,3,2016,3
793,2016-03-11,14,208,11,3,2016,4
794,2016-03-12,14,243,12,3,2016,5
795,2016-03-13,14,222,13,3,2016,6
796,2016-03-14,14,153,14,3,2016,0
797,2016-03-15,14,142,15,3,2016,1
798,2016-03-16,14,141,16,3,2016,2
799,2016-03-17,14,140,17,3,2016,3
800,2016-03-18,14,168,18,3,2016,4
801,2016-03-19,14,230,19,3,2016,5
802,2016-03-20,14,160,20,3,2016,6
803,2016-03-21,14,176,21,3,2016,0
804,2016-03-22,14,143,22,3,2016,1
805,2016-03-23,14,151,23,3,2016,2
806,2016-03-24,14,136,24,3,2016,3
807,2016-03-25,14,142,25,3,2016,4
808,2016-03-26,14,196,26,3,2016,5
809,2016-03-27,14,176,27,3,2016,6
810,2016-03-28,14,141,28,3,2016,0
811,2016-03-29,14,154,29,3,2016,1
812,2016-03-30,14,149,30,3,2016,2
813,2016-03-31,14,163,31,3,2016,3
814,2016-04-01,14,160,1,4,2016,4
815,2016-04-02,14,234,2,4,2016,5
816,2016-04-03,14,223,3,4,2016,6
817,2016-04-04,14,169,4,4,2016,0
818,2016-04-05,14,151,5,4,2016,1
819,2016-04-06,14,135,6,4,2016,2
820,2016-04-07,14,139,7,4,2016,3
821,2016-04-08,14,161,8,4,2016,4
822,2016-04-09,14,228,9,4,2016,5
823,2016-04-10,14,226,10,4,2016,6
824,2016-04-11,14,149,11,4,2016,0
825,2016-04-12,14,137,12,4,2016,1
826,2016-04-13,14,122,13,4,2016,2
827,2016-04-14,14,133,14,4,2016,3
828,2016-01-14,15,139,14,1,2016,3
829,2016-01-15,15,181,15,1,2016,4
830,2016-01-16,15,206,16,1,2016,5
831,2016-01-17,15,195,17,1,2016,6
832,2016-01-18,15,144,18,1,2016,0
833,2016-01-19,15,115,19,1,2016,1
834,2016-01-20,15,131,20,1,2016,2
835,2016-01-21,15,143,21,1,2016,3
836,2016-01-22,15,149,22,1,2016,4
837,2016-01-23,15,182,23,1,2016,5
838,2016-01-24,15,158,24,1,2016,6
839,2016-01-25,15,133,25,1,2016,0
840,2016-01-26,15,148,26,1,2016,1
841,2016-01-27,15,127,27,1,2016,2
842,2016-01-28,15,122,28,1,2016,3
843,2016-01-29,15,165,29,1,2016,4
844,2016-01-30,15,184,30,1,2016,5
845,2016-01-31,15,184,31,1,2016,6
846,2016-02-01,15,138,1,2,2016,0
847,2016-02-02,15,124,2,2,2016,1
848,2016-02-03,15,157,3,2,2016,2
849,2016-02-04,15,108,4,2,2016,3
850,2016-02-05,15,163,5,2,2016,4
851,2016-02-06,15,172,6,2,2016,5
852,2016-02-07,15,160,7,2,2016,6
853,2016-02-08,15,146,8,2,2016,0
854,2016-02-09,15,116,9,2,2016,1
855,2016-02-10,15,132,10,2,2016,2
856,2016-02-11,15,146,11,2,2016,3
857,2016-02-12,15,140,12,2,2016,4
858,2016-02-13,15,174,13,2,2016,5
859,2016-02-14,15,187,14,2,2016,6
860,2016-02-15,15,138,15,2,2016,0
861,2016-02-16,15,128,16,2,2016,1
862,2016-02-17,15,126,17,2,2016,2
863,2016-02-18,15,132,18,2,2016,3
864,2016-02-19,15,153,19,2,2016,4
865,2016-02-20,15,177,20,2,2016,5
866,2016-02-21,15,163,21,2,2016,6
867,2016-02-22,15,137,22,2,2016,0
868,2016-02-23,15,139,23,2,2016,1
869,2016-02-24,15,136,24,2,2016,2
870,2016-02-25,15,127,25,2,2016,3
871,2016-02-26,15,179,26,2,2016,4
872,2016-02-27,15,172,27,2,2016,5
873,2016-02-28,15,171,28,2,2016,6
874,2016-02-29,15,162,29,2,2016,0
875,2016-03-01,15,124,1,3,2016,1
876,2016-03-02,15,124,2,3,2016,2
877,2016-03-03,15,159,3,3,2016,3
878,2016-03-04,15,165,4,3,2016,4
879,2016-03-05,15,176,5,3,2016,5
880,2016-03-06,15,172,6,3,2016,6
881,2016-03-07,15,141,7,3,2016,0
882,2016-03-08,15,117,8,3,2016,1
883,2016-03-09,15,148,9,3,2016,2
884,2016-03-10,15,131,10,3,2016,3
885,2016-03-11,15,158,11,3,2016,4
886,2016-03-12,15,190,12,3,2016,5
887,2016-03-13,15,165,13,3,2016,6
888,2016-03-14,15,161,14,3,2016,0
889,2016-03-15,15,130,15,3,2016,1
890,2016-03-16,15,138,16,3,2016,2
891,2016-03-17,15,127,17,3,2016,3
892,2016-03-18,15,160,18,3,2016,4
893,2016-03-19,15,196,19,3,2016,5
894,2016-03-20,15,189,20,3,2016,6
895,2016-03-21,15,130,21,3,2016,0
896,2016-03-22,15,122,22,3,2016,1
897,2016-03-23,15,127,23,3,2016,2
898,2016-03-24,15,130,24,3,2016,3
899,2016-03-25,15,111,25,3,2016,4
900,2016-03-26,15,142,26,3,2016,5
901,2016-03-27,15,136,27,3,2016,6
902,2016-03-28,15,154,28,3,2016,0
903,2016-03-29,15,145,29,3,2016,1
904,2016-03-30,15,126,30,3,2016,2
905,2016-03-31,15,135,31,3,2016,3
906,2016-04-01,15,151,1,4,2016,4
907,2016-04-02,15,214,2,4,2016,5
908,2016-04-03,15,213,3,4,2016,6
909,2016-04-04,15,117,4,4,2016,0
910,2016-04-05,15,136,5,4,2016,1
911,2016-04-06,15,134,6,4,2016,2
912,2016-04-07,15,142,7,4,2016,3
913,2016-04-08,15,144,8,4,2016,4
914,2016-04-09,15,185,9,4,2016,5
915,2016-04-10,15,189,10,4,2016,6
916,2016-04-11,15,133,11,4,2016,0
917,2016-04-12,15,114,12,4,2016,1
918,2016-04-13,15,104,13,4,2016,2
919,2016-04-14,15,157,14,4,2016,3
920,2016-01-14,16,126,14,1,2016,3
921,2016-01-15,16,160,15,1,2016,4
922,2016-01-16,16,186,16,1,2016,5
923,2016-01-17,16,142,17,1,2016,6
924,2016-01-18,16,155,18,1,2016,0
925,2016-01-19,16,126,19,1,2016,1
926,2016-01-20,16,119,20,1,2016,2
927,2016-01-21,16,124,21,1,2016,3
928,2016-01-22,16,180,22,1,2016,4
929,2016-01-23,16,174,23,1,2016,5
930,2016-01-24,16,138,24,1,2016,6
931,2016-01-25,16,129,25,1,2016,0
932,2016-01-26,16,117,26,1,2016,1
933,2016-01-27,16,134,27,1,2016,2
934,2016-01-28,16,108,28,1,2016,3
935,2016-01-29,16,163,29,1,2016,4
936,2016-01-30,16,203,30,1,2016,5
937,2016-01-31,16,170,31,1,2016,6
938,2016-02-01,16,138,1,2,2016,0
939,2016-02-02,16,133,2,2,2016,1
940,2016-02-03,16,132,3,2,2016,2
941,2016-02-04,16,125,4,2,2016,3
942,2016-02-05,16,154,5,2,2016,4
943,2016-02-06,16,153,6,2,2016,5
944,2016-02-07,16,149,7,2,2016,6
945,2016-02-08,16,148,8,2,2016,0
946,2016-02-09,16,114,9,2,2016,1
947,2016-02-10,16,115,10,2,2016,2
948,2016-02-11,16,102,11,2,2016,3
949,2016-02-12,16,147,12,2,2016,4
950,2016-02-13,16,158,13,2,2016,5
951,2016-02-14,16,180,14,2,2016,6
952,2016-02-15,16,125,15,2,2016,0
953,2016-02-16,16,129,16,2,2016,1
954,2016-02-17,16,124,17,2,2016,2
955,2016-02-18,16,124,18,2,2016,3
956,2016-02-19,16,169,19,2,2016,4
957,2016-02-20,16,151,20,2,2016,5
958,2016-02-21,16,149,21,2,2016,6
959,2016-02-22,16,134,22,2,2016,0
960,2016-02-23,16,113,23,2,2016,1
961,2016-02-24,16,119,24,2,2016,2
962,2016-02-25,16,107,25,2,2016,3
963,2016-02-26,16,164,26,2,2016,4
964,2016-02-27,16,149,27,2,2016,5
965,2016-02-28,16,178,28,2,2016,6
966,2016-02-29,16,160,29,2,2016,0
967,2016-03-01,16,140,1,3,2016,1
968,2016-03-02,16,117,2,3,2016,2
969,2016-03-03,16,144,3,3,2016,3
970,2016-03-04,16,171,4,3,2016,4
971,2016-03-05,16,163,5,3,2016,5
972,2016-03-06,16,159,6,3,2016,6
973,2016-03-07,16,134,7,3,2016,0
974,2016-03-08,16,150,8,3,2016,1
975,2016-03-09,16,125,9,3,2016,2
976,2016-03-10,16,126,10,3,2016,3
977,2016-03-11,16,150,11,3,2016,4
978,2016-03-12,16,168,12,3,2016,5
979,2016-03-13,16,145,13,3,2016,6
980,2016-03-14,16,130,14,3,2016,0
981,2016-03-15,16,138,15,3,2016,1
982,2016-03-16,16,142,16,3,2016,2
983,2016-03-17,16,130,17,3,2016,3
984,2016-03-18,16,170,18,3,2016,4
985,2016-03-19,16,174,19,3,2016,5
986,2016-03-20,16,139,20,3,2016,6
987,2016-03-21,16,135,21,3,2016,0
988,2016-03-22,16,126,22,3,2016,1
989,2016-03-23,16,146,23,3,2016,2
990,2016-03-24,16,110,24,3,2016,3
991,2016-03-25,16,98,25,3,2016,4
992,2016-03-26,16,112,26,3,2016,5
993,2016-03-27,16,121,27,3,2016,6
994,2016-03-28,16,136,28,3,2016,0
995,2016-03-29,16,137,29,3,2016,1
996,2016-03-30,16,111,30,3,2016,2
997,2016-03-31,16,159,31,3,2016,3
998,2016-04-01,16,162,1,4,2016,4
999,2016-04-02,16,180,2,4,2016,5
1000,2016-04-03,16,175,3,4,2016,6
1001,2016-04-04,16,150,4,4,2016,0
1002,2016-04-05,16,109,5,4,2016,1
1003,2016-04-06,16,130,6,4,2016,2
1004,2016-04-07,16,116,7,4,2016,3
1005,2016-04-08,16,160,8,4,2016,4
1006,2016-04-09,16,164,9,4,2016,5
1007,2016-04-10,16,163,10,4,2016,6
1008,2016-04-11,16,140,11,4,2016,0
1009,2016-04-12,16,116,12,4,2016,1
1010,2016-04-13,16,114,13,4,2016,2
1011,2016-04-14,16,128,14,4,2016,3
1012,2016-01-14,17,115,14,1,2016,3
1013,2016-01-15,17,201,15,1,2016,4
1014,2016-01-16,17,163,16,1,2016,5
1015,2016-01-17,17,148,17,1,2016,6
1016,2016-01-18,17,128,18,1,2016,0
1017,2016-01-19,17,134,19,1,2016,1
1018,2016-01-20,17,122,20,1,2016,2
1019,2016-01-21,17,123,21,1,2016,3
1020,2016-01-22,17,160,22,1,2016,4
1021,2016-01-23,17,161,23,1,2016,5
1022,2016-01-24,17,137,24,1,2016,6
1023,2016-01-25,17,127,25,1,2016,0
1024,2016-01-26,17,120,26,1,2016,1
1025,2016-01-27,17,119,27,1,2016,2
1026,2016-01-28,17,144,28,1,2016,3
1027,2016-01-29,17,167,29,1,2016,4
1028,2016-01-30,17,170,30,1,2016,5
1029,2016-01-31,17,134,31,1,2016,6
1030,2016-02-01,17,138,1,2,2016,0
1031,2016-02-02,17,142,2,2,2016,1
1032,2016-02-03,17,139,3,2,2016,2
1033,2016-02-04,17,132,4,2,2016,3
1034,2016-02-05,17,163,5,2,2016,4
1035,2016-02-06,17,159,6,2,2016,5
1036,2016-02-07,17,128,7,2,2016,6
1037,2016-02-08,17,146,8,2,2016,0
1038,2016-02-09,17,124,9,2,2016,1
1039,2016-02-10,17,123,10,2,2016,2
1040,2016-02-11,17,140,11,2,2016,3
1041,2016-02-12,17,160,12,2,2016,4
1042,2016-02-13,17,158,13,2,2016,5
1043,2016-02-14,17,161,14,2,2016,6
1044,2016-02-15,17,156,15,2,2016,0
1045,2016-02-16,17,145,16,2,2016,1
1046,2016-02-17,17,128,17,2,2016,2
1047,2016-02-18,17,134,18,2,2016,3
1048,2016-02-19,17,169,19,2,2016,4
1049,2016-02-20,17,155,20,2,2016,5
1050,2016-02-21,17,135,21,2,2016,6
1051,2016-02-22,17,127,22,2,2016,0
1052,2016-02-23,17,118,23,2,2016,1
1053,2016-02-24,17,120,24,2,2016,2
1054,2016-02-25,17,135,25,2,2016,3
1055,2016-02-26,17,160,26,2,2016,4
1056,2016-02-27,17,148,27,2,2016,5
1057,2016-02-28,17,150,28,2,2016,6
1058,2016-02-29,17,138,29,2,2016,0
1059,2016-03-01,17,127,1,3,2016,1
1060,2016-03-02,17,124,2,3,2016,2
1061,2016-03-03,17,152,3,3,2016,3
1062,2016-03-04,17,193,4,3,2016,4
1063,2016-03-05,17,152,5,3,2016,5
1064,2016-03-06,17,127,6,3,2016,6
1065,2016-03-07,17,142,7,3,2016,0
1066,2016-03-08,17,119,8,3,2016,1
1067,2016-03-09,17,140,9,3,2016,2
1068,2016-03-10,17,138,10,3,2016,3
1069,2016-03-11,17,194,11,3,2016,4
1070,2016-03-12,17,171,12,3,2016,5
1071,2016-03-13,17,151,13,3,2016,6
1072,2016-03-14,17,152,14,3,2016,0
1073,2016-03-15,17,133,15,3,2016,1
1074,2016-03-16,17,125,16,3,2016,2
1075,2016-03-17,17,129,17,3,2016,3
1076,2016-03-18,17,180,18,3,2016,4
1077,2016-03-19,17,165,19,3,2016,5
1078,2016-03-20,17,109,20,3,2016,6
1079,2016-03-21,17,121,21,3,2016,0
1080,2016-03-22,17,128,22,3,2016,1
1081,2016-03-23,17,141,23,3,2016,2
1082,2016-03-24,17,112,24,3,2016,3
1083,2016-03-25,17,92,25,3,2016,4
1084,2016-03-26,17,129,26,3,2016,5
1085,2016-03-27,17,94,27,3,2016,6
1086,2016-03-28,17,154,28,3,2016,0
1087,2016-03-29,17,127,29,3,2016,1
1088,2016-03-30,17,126,30,3,2016,2
1089,2016-03-31,17,128,31,3,2016,3
1090,2016-04-01,17,189,1,4,2016,4
1091,2016-04-02,17,167,2,4,2016,5
1092,2016-04-03,17,160,3,4,2016,6
1093,2016-04-04,17,118,4,4,2016,0
1094,2016-04-05,17,138,5,4,2016,1
1095,2016-04-06,17,120,6,4,2016,2
1096,2016-04-07,17,118,7,4,2016,3
1097,2016-04-08,17,157,8,4,2016,4
1098,2016-04-09,17,186,9,4,2016,5
1099,2016-04-10,17,169,10,4,2016,6
1100,2016-04-11,17,138,11,4,2016,0
1101,2016-04-12,17,118,12,4,2016,1
1102,2016-04-13,17,133,13,4,2016,2
1103,2016-04-14,17,117,14,4,2016,3
1104,2016-01-14,18,105,14,1,2016,3
1105,2016-01-15,18,206,15,1,2016,4
1106,2016-01-16,18,202,16,1,2016,5
1107,2016-01-17,18,152,17,1,2016,6
1108,2016-01-18,18,151,18,1,2016,0
1109,2016-01-19,18,143,19,1,2016,1
1110,2016-01-20,18,125,20,1,2016,2
1111,2016-01-21,18,114,21,1,2016,3
1112,2016-01-22,18,169,22,1,2016,4
1113,2016-01-23,18,178,23,1,2016,5
1114,2016-01-24,18,155,24,1,2016,6
1115,2016-01-25,18,147,25,1,2016,0
1116,2016-01-26,18,122,26,1,2016,1
1117,2016-01-27,18,103,27,1,2016,2
1118,2016-01-28,18,130,28,1,2016,3
1119,2016-01-29,18,181,29,1,2016,4
1120,2016-01-30,18,203,30,1,2016,5
1121,2016-01-31,18,184,31,1,2016,6
1122,2016-02-01,18,137,1,2,2016,0
1123,2016-02-02,18,137,2,2,2016,1
1124,2016-02-03,18,147,3,2,2016,2
1125,2016-02-04,18,132,4,2,2016,3
1126,2016-02-05,18,177,5,2,2016,4
1127,2016-02-06,18,170,6,2,2016,5
1128,2016-02-07,18,151,7,2,2016,6
1129,2016-02-08,18,174,8,2,2016,0
1130,2016-02-09,18,154,9,2,2016,1
1131,2016-02-10,18,120,10,2,2016,2
1132,2016-02-11,18,132,11,2,2016,3
1133,2016-02-12,18,199,12,2,2016,4
1134,2016-02-13,18,169,13,2,2016,5
1135,2016-02-14,18,124,14,2,2016,6
1136,2016-02-15,18,144,15,2,2016,0
1137,2016-02-16,18,153,16,2,2016,1
1138,2016-02-17,18,133,17,2,2016,2
1139,2016-02-18,18,149,18,2,2016,3
1140,2016-02-19,18,199,19,2,2016,4
1141,2016-02-20,18,175,20,2,2016,5
1142,2016-02-21,18,129,21,2,2016,6
1143,2016-02-22,18,126,22,2,2016,0
1144,2016-02-23,18,109,23,2,2016,1
1145,2016-02-24,18,114,24,2,2016,2
1146,2016-02-25,18,140,25,2,2016,3
1147,2016-02-26,18,190,26,2,2016,4
1148,2016-02-27,18,150,27,2,2016,5
1149,2016-02-28,18,138,28,2,2016,6
1150,2016-02-29,18,148,29,2,2016,0
1151,2016-03-01,18,128,1,3,2016,1
1152,2016-03-02,18,132,2,3,2016,2
1153,2016-03-03,18,130,3,3,2016,3
1154,2016-03-04,18,188,4,3,2016,4
1155,2016-03-05,18,169,5,3,2016,5
1156,2016-03-06,18,144,6,3,2016,6
1157,2016-03-07,18,134,7,3,2016,0
1158,2016-03-08,18,128,8,3,2016,1
1159,2016-03-09,18,153,9,3,2016,2
1160,2016-03-10,18,144,10,3,2016,3
1161,2016-03-11,18,206,11,3,2016,4
1162,2016-03-12,18,195,12,3,2016,5
1163,2016-03-13,18,151,13,3,2016,6
1164,2016-03-14,18,146,14,3,2016,0
1165,2016-03-15,18,143,15,3,2016,1
1166,2016-03-16,18,99,16,3,2016,2
1167,2016-03-17,18,128,17,3,2016,3
1168,2016-03-18,18,167,18,3,2016,4
1169,2016-03-19,18,184,19,3,2016,5
1170,2016-03-20,18,146,20,3,2016,6
1171,2016-03-21,18,132,21,3,2016,0
1172,2016-03-22,18,152,22,3,2016,1
1173,2016-03-23,18,175,23,3,2016,2
1174,2016-03-24,18,107,24,3,2016,3
1175,2016-03-25,18,97,25,3,2016,4
1176,2016-03-26,18,143,26,3,2016,5
1177,2016-03-27,18,120,27,3,2016,6
1178,2016-03-28,18,182,28,3,2016,0
1179,2016-03-29,18,161,29,3,2016,1
1180,2016-03-30,18,136,30,3,2016,2
1181,2016-03-31,18,142,31,3,2016,3
1182,2016-04-01,18,181,1,4,2016,4
1183,2016-04-02,18,162,2,4,2016,5
1184,2016-04-03,18,163,3,4,2016,6
1185,2016-04-04,18,142,4,4,2016,0
1186,2016-04-05,18,144,5,4,2016,1
1187,2016-04-06,18,120,6,4,2016,2
1188,2016-04-07,18,159,7,4,2016,3
1189,2016-04-08,18,170,8,4,2016,4
1190,2016-04-09,18,192,9,4,2016,5
1191,2016-04-10,18,163,10,4,2016,6
1192,2016-04-11,18,124,11,4,2016,0
1193,2016-04-12,18,129,12,4,2016,1
1194,2016-04-13,18,133,13,4,2016,2
1195,2016-04-14,18,138,14,4,2016,3
1196,2016-01-14,19,122,14,1,2016,3
1197,2016-01-15,19,199,15,1,2016,4
1198,2016-01-16,19,228,16,1,2016,5
1199,2016-01-17,19,176,17,1,2016,6
1200,2016-01-18,19,144,18,1,2016,0
1201,2016-01-19,19,133,19,1,2016,1
1202,2016-01-20,19,138,20,1,2016,2
1203,2016-01-21,19,125,21,1,2016,3
1204,2016-01-22,19,187,22,1,2016,4
1205,2016-01-23,19,198,23,1,2016,5
1206,2016-01-24,19,158,24,1,2016,6
1207,2016-01-25,19,127,25,1,2016,0
1208,2016-01-26,19,126,26,1,2016,1
1209,2016-01-27,19,131,27,1,2016,2
1210,2016-01-28,19,136,28,1,2016,3
1211,2016-01-29,19,166,29,1,2016,4
1212,2016-01-30,19,194,30,1,2016,5
1213,2016-01-31,19,162,31,1,2016,6
1214,2016-02-01,19,160,1,2,2016,0
1215,2016-02-02,19,134,2,2,2016,1
1216,2016-02-03,19,139,3,2,2016,2
1217,2016-02-04,19,117,4,2,2016,3
1218,2016-02-05,19,187,5,2,2016,4
1219,2016-02-06,19,206,6,2,2016,5
1220,2016-02-07,19,137,7,2,2016,6
1221,2016-02-08,19,130,8,2,2016,0
1222,2016-02-09,19,132,9,2,2016,1
1223,2016-02-10,19,136,10,2,2016,2
1224,2016-02-11,19,137,11,2,2016,3
1225,2016-02-12,19,214,12,2,2016,4
1226,2016-02-13,19,201,13,2,2016,5
1227,2016-02-14,19,160,14,2,2016,6
1228,2016-02-15,19,126,15,2,2016,0
1229,2016-02-16,19,128,16,2,2016,1
1230,2016-02-17,19,126,17,2,2016,2
1231,2016-02-18,19,136,18,2,2016,3
1232,2016-02-19,19,174,19,2,2016,4
1233,2016-02-20,19,212,20,2,2016,5
1234,2016-02-21,19,116,21,2,2016,6
1235,2016-02-22,19,121,22,2,2016,0
1236,2016-02-23,19,119,23,2,2016,1
1237,2016-02-24,19,107,24,2,2016,2
1238,2016-02-25,19,127,25,2,2016,3
1239,2016-02-26,19,190,26,2,2016,4
1240,2016-02-27,19,195,27,2,2016,5
1241,2016-02-28,19,149,28,2,2016,6
1242,2016-02-29,19,134,29,2,2016,0
1243,2016-03-01,19,125,1,3,2016,1
1244,2016-03-02,19,128,2,3,2016,2
1245,2016-03-03,19,121,3,3,2016,3
1246,2016-03-04,19,192,4,3,2016,4
1247,2016-03-05,19,189,5,3,2016,5
1248,2016-03-06,19,142,6,3,2016,6
1249,2016-03-07,19,138,7,3,2016,0
1250,2016-03-08,19,124,8,3,2016,1
1251,2016-03-09,19,145,9,3,2016,2
1252,2016-03-10,19,150,10,3,2016,3
1253,2016-03-11,19,210,11,3,2016,4
1254,2016-03-12,19,213,12,3,2016,5
1255,2016-03-13,19,138,13,3,2016,6
1256,2016-03-14,19,143,14,3,2016,0
1257,2016-03-15,19,138,15,3,2016,1
1258,2016-03-16,19,139,16,3,2016,2
1259,2016-03-17,19,155,17,3,2016,3
1260,2016-03-18,19,201,18,3,2016,4
1261,2016-03-19,19,196,19,3,2016,5
1262,2016-03-20,19,122,20,3,2016,6
1263,2016-03-21,19,147,21,3,2016,0
1264,2016-03-22,19,151,22,3,2016,1
1265,2016-03-23,19,178,23,3,2016,2
1266,2016-03-24,19,123,24,3,2016,3
1267,2016-03-25,19,100,25,3,2016,4
1268,2016-03-26,19,173,26,3,2016,5
1269,2016-03-27,19,138,27,3,2016,6
1270,2016-03-28,19,163,28,3,2016,0
1271,2016-03-29,19,143,29,3,2016,1
1272,2016-03-30,19,135,30,3,2016,2
1273,2016-03-31,19,149,31,3,2016,3
1274,2016-04-01,19,203,1,4,2016,4
1275,2016-04-02,19,211,2,4,2016,5
1276,2016-04-03,19,194,3,4,2016,6
1277,2016-04-04,19,110,4,4,2016,0
1278,2016-04-05,19,156,5,4,2016,1
1279,2016-04-06,19,117,6,4,2016,2
1280,2016-04-07,19,142,7,4,2016,3
1281,2016-04-08,19,224,8,4,2016,4
1282,2016-04-09,19,221,9,4,2016,5
1283,2016-04-10,19,159,10,4,2016,6
1284,2016-04-11,19,134,11,4,2016,0
1285,2016-04-12,19,124,12,4,2016,1
1286,2016-04-13,19,116,13,4,2016,2
1287,2016-04-14,19,142,14,4,2016,3
1288,2016-01-14,20,97,14,1,2016,3
1289,2016-01-15,20,167,15,1,2016,4
1290,2016-01-16,20,166,16,1,2016,5
1291,2016-01-17,20,135,17,1,2016,6
1292,2016-01-18,20,110,18,1,2016,0
1293,2016-01-19,20,115,19,1,2016,1
1294,2016-01-20,20,105,20,1,2016,2
1295,2016-01-21,20,127,21,1,2016,3
1296,2016-01-22,20,167,22,1,2016,4
1297,2016-01-23,20,174,23,1,2016,5
1298,2016-01-24,20,135,24,1,2016,6
1299,2016-01-25,20,98,25,1,2016,0
1300,2016-01-26,20,107,26,1,2016,1
1301,2016-01-27,20,98,27,1,2016,2
1302,2016-01-28,20,109,28,1,2016,3
1303,2016-01-29,20,174,29,1,2016,4
1304,2016-01-30,20,202,30,1,2016,5
1305,2016-01-31,20,117,31,1,2016,6
1306,2016-02-01,20,123,1,2,2016,0
1307,2016-02-02,20,133,2,2,2016,1
1308,2016-02-03,20,114,3,2,2016,2
1309,2016-02-04,20,130,4,2,2016,3
1310,2016-02-05,20,167,5,2,2016,4
1311,2016-02-06,20,183,6,2,2016,5
1312,2016-02-07,20,115,7,2,2016,6
1313,2016-02-08,20,124,8,2,2016,0
1314,2016-02-09,20,135,9,2,2016,1
1315,2016-02-10,20,104,10,2,2016,2
1316,2016-02-11,20,106,11,2,2016,3
1317,2016-02-12,20,173,12,2,2016,4
1318,2016-02-13,20,170,13,2,2016,5
1319,2016-02-14,20,134,14,2,2016,6
1320,2016-02-15,20,80,15,2,2016,0
1321,2016-02-16,20,111,16,2,2016,1
1322,2016-02-17,20,92,17,2,2016,2
1323,2016-02-18,20,93,18,2,2016,3
1324,2016-02-19,20,154,19,2,2016,4
1325,2016-02-20,20,189,20,2,2016,5
1326,2016-02-21,20,104,21,2,2016,6
1327,2016-02-22,20,111,22,2,2016,0
1328,2016-02-23,20,133,23,2,2016,1
1329,2016-02-24,20,95,24,2,2016,2
1330,2016-02-25,20,114,25,2,2016,3
1331,2016-02-26,20,164,26,2,2016,4
1332,2016-02-27,20,180,27,2,2016,5
1333,2016-02-28,20,117,28,2,2016,6
1334,2016-02-29,20,129,29,2,2016,0
1335,2016-03-01,20,104,1,3,2016,1
1336,2016-03-02,20,98,2,3,2016,2
1337,2016-03-03,20,100,3,3,2016,3
1338,2016-03-04,20,176,4,3,2016,4
1339,2016-03-05,20,179,5,3,2016,5
1340,2016-03-06,20,127,6,3,2016,6
1341,2016-03-07,20,137,7,3,2016,0
1342,2016-03-08,20,139,8,3,2016,1
1343,2016-03-09,20,114,9,3,2016,2
1344,2016-03-10,20,131,10,3,2016,3
1345,2016-03-11,20,185,11,3,2016,4
1346,2016-03-12,20,182,12,3,2016,5
1347,2016-03-13,20,131,13,3,2016,6
1348,2016-03-14,20,137,14,3,2016,0
1349,2016-03-15,20,117,15,3,2016,1
1350,2016-03-16,20,120,16,3,2016,2
1351,2016-03-17,20,110,17,3,2016,3
1352,2016-03-18,20,182,18,3,2016,4
1353,2016-03-19,20,145,19,3,2016,5
1354,2016-03-20,20,109,20,3,2016,6
1355,2016-03-21,20,145,21,3,2016,0
1356,2016-03-22,20,131,22,3,2016,1
1357,2016-03-23,20,155,23,3,2016,2
1358,2016-03-24,20,119,24,3,2016,3
1359,2016-03-25,20,109,25,3,2016,4
1360,2016-03-26,20,132,26,3,2016,5
1361,2016-03-27,20,122,27,3,2016,6
1362,2016-03-28,20,145,28,3,2016,0
1363,2016-03-29,20,121,29,3,2016,1
1364,2016-03-30,20,118,30,3,2016,2
1365,2016-03-31,20,141,31,3,2016,3
1366,2016-04-01,20,176,1,4,2016,4
1367,2016-04-02,20,160,2,4,2016,5
1368,2016-04-03,20,137,3,4,2016,6
1369,2016-04-04,20,129,4,4,2016,0
1370,2016-04-05,20,104,5,4,2016,1
1371,2016-04-06,20,116,6,4,2016,2
1372,2016-04-07,20,104,7,4,2016,3
1373,2016-04-08,20,170,8,4,2016,4
1374,2016-04-09,20,189,9,4,2016,5
1375,2016-04-10,20,133,10,4,2016,6
1376,2016-04-11,20,137,11,4,2016,0
1377,2016-04-12,20,124,12,4,2016,1
1378,2016-04-13,20,110,13,4,2016,2
1379,2016-04-14,20,121,14,4,2016,3
1380,2016-01-14,21,105,14,1,2016,3
1381,2016-01-15,21,125,15,1,2016,4
1382,2016-01-16,21,131,16,1,2016,5
1383,2016-01-17,21,83,17,1,2016,6
1384,2016-01-18,21,85,18,1,2016,0
1385,2016-01-19,21,83,19,1,2016,1
1386,2016-01-20,21,67,20,1,2016,2
1387,2016-01-21,21,58,21,1,2016,3
1388,2016-01-22,21,120,22,1,2016,4
1389,2016-01-23,21,113,23,1,2016,5
1390,2016-01-24,21,94,24,1,2016,6
1391,2016-01-25,21,71,25,1,2016,0
1392,2016-01-26,21,85,26,1,2016,1
1393,2016-01-27,21,77,27,1,2016,2
1394,2016-01-28,21,72,28,1,2016,3
1395,2016-01-29,21,108,29,1,2016,4
1396,2016-01-30,21,149,30,1,2016,5
1397,2016-01-31,21,77,31,1,2016,6
1398,2016-02-01,21,77,1,2,2016,0
1399,2016-02-02,21,97,2,2,2016,1
1400,2016-02-03,21,81,3,2,2016,2
1401,2016-02-04,21,86,4,2,2016,3
1402,2016-02-05,21,135,5,2,2016,4
1403,2016-02-06,21,136,6,2,2016,5
1404,2016-02-07,21,92,7,2,2016,6
1405,2016-02-08,21,106,8,2,2016,0
1406,2016-02-09,21,74,9,2,2016,1
1407,2016-02-10,21,84,10,2,2016,2
1408,2016-02-11,21,90,11,2,2016,3
1409,2016-02-12,21,124,12,2,2016,4
1410,2016-02-13,21,142,13,2,2016,5
1411,2016-02-14,21,80,14,2,2016,6
1412,2016-02-15,21,71,15,2,2016,0
1413,2016-02-16,21,77,16,2,2016,1
1414,2016-02-17,21,69,17,2,2016,2
1415,2016-02-18,21,65,18,2,2016,3
1416,2016-02-19,21,113,19,2,2016,4
1417,2016-02-20,21,135,20,2,2016,5
1418,2016-02-21,21,95,21,2,2016,6
1419,2016-02-22,21,69,22,2,2016,0
1420,2016-02-23,21,74,23,2,2016,1
1421,2016-02-24,21,81,24,2,2016,2
1422,2016-02-25,21,91,25,2,2016,3
1423,2016-02-26,21,104,26,2,2016,4
1424,2016-02-27,21,132,27,2,2016,5
1425,2016-02-28,21,79,28,2,2016,6
1426,2016-02-29,21,116,29,2,2016,0
1427,2016-03-01,21,96,1,3,2016,1
1428,2016-03-02,21,82,2,3,2016,2
1429,2016-03-03,21,95,3,3,2016,3
1430,2016-03-04,21,126,4,3,2016,4
1431,2016-03-05,21,144,5,3,2016,5
1432,2016-03-06,21,73,6,3,2016,6
1433,2016-03-07,21,97,7,3,2016,0
1434,2016-03-08,21,91,8,3,2016,1
1435,2016-03-09,21,81,9,3,2016,2
1436,2016-03-10,21,84,10,3,2016,3
1437,2016-03-11,21,146,11,3,2016,4
1438,2016-03-12,21,130,12,3,2016,5
1439,2016-03-13,21,85,13,3,2016,6
1440,2016-03-14,21,85,14,3,2016,0
1441,2016-03-15,21,85,15,3,2016,1
1442,2016-03-16,21,89,16,3,2016,2
1443,2016-03-17,21,99,17,3,2016,3
1444,2016-03-18,21,117,18,3,2016,4
1445,2016-03-19,21,120,19,3,2016,5
1446,2016-03-20,21,102,20,3,2016,6
1447,2016-03-21,21,97,21,3,2016,0
1448,2016-03-22,21,100,22,3,2016,1
1449,2016-03-23,21,108,23,3,2016,2
1450,2016-03-24,21,90,24,3,2016,3
1451,2016-03-25,21,79,25,3,2016,4
1452,2016-03-26,21,97,26,3,2016,5
1453,2016-03-27,21,89,27,3,2016,6
1454,2016-03-28,21,123,28,3,2016,0
1455,2016-03-29,21,117,29,3,2016,1
1456,2016-03-30,21,99,30,3,2016,2
1457,2016-03-31,21,116,31,3,2016,3
1458,2016-04-01,21,145,1,4,2016,4
1459,2016-04-02,21,151,2,4,2016,5
1460,2016-04-03,21,110,3,4,2016,6
1461,2016-04-04,21,105,4,4,2016,0
1462,2016-04-05,21,88,5,4,2016,1
1463,2016-04-06,21,75,6,4,2016,2
1464,2016-04-07,21,87,7,4,2016,3
1465,2016-04-08,21,156,8,4,2016,4
1466,2016-04-09,21,164,9,4,2016,5
1467,2016-04-10,21,91,10,4,2016,6
1468,2016-04-11,21,95,11,4,2016,0
1469,2016-04-12,21,93,12,4,2016,1
1470,2016-04-13,21,71,13,4,2016,2
1471,2016-04-14,21,85,14,4,2016,3
1472,2016-01-14,22,53,14,1,2016,3
1473,2016-01-15,22,73,15,1,2016,4
1474,2016-01-16,22,96,16,1,2016,5
1475,2016-01-17,22,57,17,1,2016,6
1476,2016-01-18,22,52,18,1,2016,0
1477,2016-01-19,22,55,19,1,2016,1
1478,2016-01-20,22,58,20,1,2016,2
1479,2016-01-21,22,55,21,1,2016,3
1480,2016-01-22,22,74,22,1,2016,4
1481,2016-01-23,22,104,23,1,2016,5
1482,2016-01-24,22,52,24,1,2016,6
1483,2016-01-25,22,44,25,1,2016,0
1484,2016-01-26,22,48,26,1,2016,1
1485,2016-01-27,22,43,27,1,2016,2
1486,2016-01-28,22,53,28,1,2016,3
1487,2016-01-29,22,95,29,1,2016,4
1488,2016-01-30,22,113,30,1,2016,5
1489,2016-01-31,22,64,31,1,2016,6
1490,2016-02-01,22,65,1,2,2016,0
1491,2016-02-02,22,47,2,2,2016,1
1492,2016-02-03,22,56,3,2,2016,2
1493,2016-02-04,22,54,4,2,2016,3
1494,2016-02-05,22,70,5,2,2016,4
1495,2016-02-06,22,88,6,2,2016,5
1496,2016-02-07,22,38,7,2,2016,6
1497,2016-02-08,22,62,8,2,2016,0
1498,2016-02-09,22,53,9,2,2016,1
1499,2016-02-10,22,50,10,2,2016,2
1500,2016-02-11,22,55,11,2,2016,3
1501,2016-02-12,22,91,12,2,2016,4
1502,2016-02-13,22,79,13,2,2016,5
1503,2016-02-14,22,50,14,2,2016,6
1504,2016-02-15,22,58,15,2,2016,0
1505,2016-02-16,22,44,16,2,2016,1
1506,2016-02-17,22,38,17,2,2016,2
1507,2016-02-18,22,57,18,2,2016,3
1508,2016-02-19,22,82,19,2,2016,4
1509,2016-02-20,22,97,20,2,2016,5
1510,2016-02-21,22,36,21,2,2016,6
1511,2016-02-22,22,48,22,2,2016,0
1512,2016-02-23,22,40,23,2,2016,1
1513,2016-02-24,22,55,24,2,2016,2
1514,2016-02-25,22,47,25,2,2016,3
1515,2016-02-26,22,62,26,2,2016,4
1516,2016-02-27,22,90,27,2,2016,5
1517,2016-02-28,22,48,28,2,2016,6
1518,2016-02-29,22,71,29,2,2016,0
1519,2016-03-01,22,56,1,3,2016,1
1520,2016-03-02,22,59,2,3,2016,2
1521,2016-03-03,22,58,3,3,2016,3
1522,2016-03-04,22,77,4,3,2016,4
1523,2016-03-05,22,129,5,3,2016,5
1524,2016-03-06,22,52,6,3,2016,6
1525,2016-03-07,22,56,7,3,2016,0
1526,2016-03-08,22,49,8,3,2016,1
1527,2016-03-09,22,55,9,3,2016,2
1528,2016-03-10,22,66,10,3,2016,3
1529,2016-03-11,22,83,11,3,2016,4
1530,2016-03-12,22,88,12,3,2016,5
1531,2016-03-13,22,59,13,3,2016,6
1532,2016-03-14,22,62,14,3,2016,0
1533,2016-03-15,22,58,15,3,2016,1
1534,2016-03-16,22,49,16,3,2016,2
1535,2016-03-17,22,53,17,3,2016,3
1536,2016-03-18,22,89,18,3,2016,4
1537,2016-03-19,22,86,19,3,2016,5
1538,2016-03-20,22,37,20,3,2016,6
1539,2016-03-21,22,58,21,3,2016,0
1540,2016-03-22,22,63,22,3,2016,1
1541,2016-03-23,22,70,23,3,2016,2
1542,2016-03-24,22,67,24,3,2016,3
1543,2016-03-25,22,53,25,3,2016,4
1544,2016-03-26,22,68,26,3,2016,5
1545,2016-03-27,22,65,27,3,2016,6
1546,2016-03-28,22,69,28,3,2016,0
1547,2016-03-29,22,64,29,3,2016,1
1548,2016-03-30,22,50,30,3,2016,2
1549,2016-03-31,22,73,31,3,2016,3
1550,2016-04-01,22,106,1,4,2016,4
1551,2016-04-02,22,103,2,4,2016,5
1552,2016-04-03,22,77,3,4,2016,6
1553,2016-04-04,22,66,4,4,2016,0
1554,2016-04-05,22,52,5,4,2016,1
1555,2016-04-06,22,67,6,4,2016,2
1556,2016-04-07,22,63,7,4,2016,3
1557,2016-04-08,22,97,8,4,2016,4
1558,2016-04-09,22,112,9,4,2016,5
1559,2016-04-10,22,48,10,4,2016,6
1560,2016-04-11,22,47,11,4,2016,0
1561,2016-04-12,22,45,12,4,2016,1
1562,2016-04-13,22,60,13,4,2016,2
1563,2016-04-14,22,64,14,4,2016,3
1564,2016-01-14,23,21,14,1,2016,3
1565,2016-01-15,23,52,15,1,2016,4
1566,2016-01-16,23,50,16,1,2016,5
1567,2016-01-17,23,12,17,1,2016,6
1568,2016-01-18,23,27,18,1,2016,0
1569,2016-01-19,23,30,19,1,2016,1
1570,2016-01-20,23,15,20,1,2016,2
1571,2016-01-21,23,25,21,1,2016,3
1572,2016-01-22,23,34,22,1,2016,4
1573,2016-01-23,23,52,23,1,2016,5
1574,2016-01-24,23,27,24,1,2016,6
1575,2016-01-25,23,20,25,1,2016,0
1576,2016-01-26,23,14,26,1,2016,1
1577,2016-01-27,23,11,27,1,2016,2
1578,2016-01-28,23,16,28,1,2016,3
1579,2016-01-29,23,44,29,1,2016,4
1580,2016-01-30,23,53,30,1,2016,5
1581,2016-01-31,23,17,31,1,2016,6
1582,2016-02-01,23,26,1,2,2016,0
1583,2016-02-02,23,17,2,2,2016,1
1584,2016-02-03,23,17,3,2,2016,2
1585,2016-02-04,23,25,4,2,2016,3
1586,2016-02-05,23,28,5,2,2016,4
1587,2016-02-06,23,38,6,2,2016,5
1588,2016-02-07,23,20,7,2,2016,6
1589,2016-02-08,23,20,8,2,2016,0
1590,2016-02-09,23,20,9,2,2016,1
1591,2016-02-10,23,16,10,2,2016,2
1592,2016-02-11,23,18,11,2,2016,3
1593,2016-02-12,23,32,12,2,2016,4
1594,2016-02-13,23,39,13,2,2016,5
1595,2016-02-14,23,21,14,2,2016,6
1596,2016-02-15,23,23,15,2,2016,0
1597,2016-02-16,23,16,16,2,2016,1
1598,2016-02-17,23,17,17,2,2016,2
1599,2016-02-18,23,30,18,2,2016,3
1600,2016-02-19,23,61,19,2,2016,4
1601,2016-02-20,23,48,20,2,2016,5
1602,2016-02-21,23,25,21,2,2016,6
1603,2016-02-22,23,32,22,2,2016,0
1604,2016-02-23,23,17,23,2,2016,1
1605,2016-02-24,23,15,24,2,2016,2
1606,2016-02-25,23,15,25,2,2016,3
1607,2016-02-26,23,24,26,2,2016,4
1608,2016-02-27,23,43,27,2,2016,5
1609,2016-02-28,23,16,28,2,2016,6
1610,2016-02-29,23,28,29,2,2016,0
1611,2016-03-01,23,13,1,3,2016,1
1612,2016-03-02,23,18,2,3,2016,2
1613,2016-03-03,23,13,3,3,2016,3
1614,2016-03-04,23,40,4,3,2016,4
1615,2016-03-05,23,58,5,3,2016,5
1616,2016-03-06,23,14,6,3,2016,6
1617,2016-03-07,23,18,7,3,2016,0
1618,2016-03-08,23,15,8,3,2016,1
1619,2016-03-09,23,19,9,3,2016,2
1620,2016-03-10,23,27,10,3,2016,3
1621,2016-03-11,23,40,11,3,2016,4
1622,2016-03-12,23,63,12,3,2016,5
1623,2016-03-13,23,21,13,3,2016,6
1624,2016-03-14,23,30,14,3,2016,0
1625,2016-03-15,23,25,15,3,2016,1
1626,2016-03-16,23,21,16,3,2016,2
1627,2016-03-17,23,32,17,3,2016,3
1628,2016-03-18,23,39,18,3,2016,4
1629,2016-03-19,23,51,19,3,2016,5
1630,2016-03-20,23,22,20,3,2016,6
1631,2016-03-21,23,28,21,3,2016,0
1632,2016-03-22,23,25,22,3,2016,1
1633,2016-03-23,23,38,23,3,2016,2
1634,2016-03-24,23,32,24,3,2016,3
1635,2016-03-25,23,26,25,3,2016,4
1636,2016-03-26,23,24,26,3,2016,5
1637,2016-03-27,23,32,27,3,2016,6
1638,2016-03-28,23,24,28,3,2016,0
1639,2016-03-29,23,26,29,3,2016,1
1640,2016-03-30,23,27,30,3,2016,2
1641,2016-03-31,23,33,31,3,2016,3
1642,2016-04-01,23,46,1,4,2016,4
1643,2016-04-02,23,41,2,4,2016,5
1644,2016-04-03,23,36,3,4,2016,6
1645,2016-04-04,23,24,4,4,2016,0
1646,2016-04-05,23,16,5,4,2016,1
1647,2016-04-06,23,19,6,4,2016,2
1648,2016-04-07,23,33,7,4,2016,3
1649,2016-04-08,23,50,8,4,2016,4
1650,2016-04-09,23,45,9,4,2016,5
1651,2016-04-10,23,17,10,4,2016,6
1652,2016-04-11,23,21,11,4,2016,0
1653,2016-04-12,23,19,12,4,2016,1
1654,2016-04-13,23,24,13,4,2016,2
1655,2016-04-14,23,19,14,4,2016,3
